{"cameraMode":{"drawMode":0,"name":"Shaded","section":"Shading Mode"},"sceneLighting":true,"audioPlay":false,"sceneViewState":{"m_AlwaysRefresh":false,"showFog":true,"showSkybox":true,"showFlares":true,"showImageEffects":true,"showParticleSystems":true,"showVisualEffectGraphs":true,"m_FxEnabled":true},"in2DMode":false,"pivot":{"x":-8.372549057006836,"y":8.841418266296387,"z":-13.404653549194336},"rotation":{"x":0.21061217784881593,"y":0.15029044449329377,"z":-0.033130887895822528,"w":0.9655331373214722},"size":12.00124454498291,"orthographic":false}